{
  "firstLayout": "",
  "gdVersion": {
    "build": 98,
    "major": 4,
    "minor": 0,
    "revision": 0
  },
  "properties": {
    "adMobAppId": "",
    "adaptGameResolutionAtRuntime": true,
    "folderProject": false,
    "linuxExecutableFilename": "",
    "macExecutableFilename": "",
    "orientation": "landscape",
    "packageName": "com.example.gamename",
    "projectFile": "W:\\W21\\hack\\GAMES\\risk.json",
    "scaleMode": "linear",
    "sizeOnStartupMode": "adaptWidth",
    "useExternalSourceFiles": false,
    "version": "1.0.0",
    "winExecutableFilename": "",
    "winExecutableIconFile": "",
    "name": "Project",
    "author": "",
    "windowWidth": 800,
    "windowHeight": 600,
    "latestCompilationDirectory": "",
    "maxFPS": 60,
    "minFPS": 20,
    "verticalSync": false,
    "platformSpecificAssets": {},
    "loadingScreen": {
      "showGDevelopSplash": false
    },
    "extensions": [
      {
        "name": "BuiltinObject"
      },
      {
        "name": "BuiltinAudio"
      },
      {
        "name": "BuiltinVariables"
      },
      {
        "name": "BuiltinTime"
      },
      {
        "name": "BuiltinMouse"
      },
      {
        "name": "BuiltinKeyboard"
      },
      {
        "name": "BuiltinJoystick"
      },
      {
        "name": "BuiltinCamera"
      },
      {
        "name": "BuiltinWindow"
      },
      {
        "name": "BuiltinFile"
      },
      {
        "name": "BuiltinNetwork"
      },
      {
        "name": "BuiltinScene"
      },
      {
        "name": "BuiltinAdvanced"
      },
      {
        "name": "Sprite"
      },
      {
        "name": "BuiltinCommonInstructions"
      },
      {
        "name": "BuiltinCommonConversions"
      },
      {
        "name": "BuiltinStringInstructions"
      },
      {
        "name": "BuiltinMathematicalTools"
      },
      {
        "name": "BuiltinExternalLayouts"
      }
    ],
    "platforms": [
      {
        "name": "GDevelop JS platform"
      }
    ],
    "currentPlatform": "GDevelop JS platform"
  },
  "resources": {
    "resources": [
      {
        "alwaysLoaded": false,
        "file": "partner.png",
        "kind": "image",
        "metadata": "",
        "name": "partner.png",
        "smoothed": true,
        "userAdded": true
      },
      {
        "alwaysLoaded": false,
        "file": "Picture1.png",
        "kind": "image",
        "metadata": "",
        "name": "Picture1.png",
        "smoothed": true,
        "userAdded": true
      },
      {
        "alwaysLoaded": false,
        "file": "Picture2.png",
        "kind": "image",
        "metadata": "",
        "name": "Picture2.png",
        "smoothed": true,
        "userAdded": false
      },
      {
        "alwaysLoaded": false,
        "file": "expframe.png",
        "kind": "image",
        "metadata": "",
        "name": "expframe.png",
        "smoothed": true,
        "userAdded": true
      },
      {
        "alwaysLoaded": false,
        "file": "chip12.png",
        "kind": "image",
        "metadata": "",
        "name": "chip12.png",
        "smoothed": true,
        "userAdded": false
      }
    ],
    "resourceFolders": []
  },
  "objects": [],
  "objectsGroups": [],
  "variables": [],
  "layouts": [
    {
      "b": 209,
      "disableInputWhenNotFocused": true,
      "mangledName": "Exposure",
      "name": "Exposure",
      "oglFOV": 90,
      "oglZFar": 500,
      "oglZNear": 1,
      "r": 209,
      "standardSortMethod": true,
      "stopSoundsOnStartup": true,
      "title": "",
      "v": 209,
      "uiSettings": {
        "grid": false,
        "gridB": 255,
        "gridG": 180,
        "gridHeight": 32,
        "gridOffsetX": 0,
        "gridOffsetY": 0,
        "gridR": 158,
        "gridWidth": 32,
        "snap": true,
        "windowMask": false,
        "zoomFactor": 0.64
      },
      "objectsGroups": [],
      "variables": [
        {
          "name": "risk",
          "value": ".05"
        },
        {
          "name": "partners",
          "value": "1"
        },
        {
          "name": "prevalence",
          "value": ".02"
        },
        {
          "name": "cnt",
          "value": "0"
        },
        {
          "name": "rollState",
          "value": "0"
        }
      ],
      "instances": [
        {
          "angle": 0,
          "customSize": true,
          "height": 24,
          "layer": "",
          "locked": false,
          "name": "txtRisk",
          "persistentUuid": "3a6c9533-f83f-4894-b6df-a68f80e0d975",
          "width": 60,
          "x": 72,
          "y": 283,
          "zOrder": 1,
          "numberProperties": [],
          "stringProperties": [],
          "initialVariables": []
        },
        {
          "angle": 0,
          "customSize": true,
          "height": 132,
          "layer": "",
          "locked": false,
          "name": "run",
          "persistentUuid": "7fc3bc6c-fa53-4cd3-baee-fafca10c55f2",
          "width": 124,
          "x": 13,
          "y": 442,
          "zOrder": 2,
          "numberProperties": [],
          "stringProperties": [],
          "initialVariables": []
        },
        {
          "angle": 0,
          "customSize": false,
          "height": 0,
          "layer": "",
          "locked": false,
          "name": "txtPartners",
          "persistentUuid": "1285a026-9704-4593-8f02-9e1f194e7744",
          "width": 0,
          "x": 16,
          "y": 115,
          "zOrder": 5,
          "numberProperties": [],
          "stringProperties": [],
          "initialVariables": []
        },
        {
          "angle": 0,
          "customSize": true,
          "height": 21,
          "layer": "",
          "locked": false,
          "name": "txtPrev",
          "persistentUuid": "45666dd1-736d-4764-982d-563ec2d51a19",
          "width": 68,
          "x": 70,
          "y": 168,
          "zOrder": 6,
          "numberProperties": [],
          "stringProperties": [],
          "initialVariables": []
        },
        {
          "angle": 0,
          "customSize": true,
          "height": 598,
          "layer": "",
          "locked": true,
          "name": "bg",
          "persistentUuid": "c91466c7-8f04-44f6-9c44-8b3b5ce2d12d",
          "width": 773,
          "x": -1,
          "y": 7,
          "zOrder": -2,
          "numberProperties": [],
          "stringProperties": [],
          "initialVariables": []
        }
      ],
      "objects": [
        {
          "bold": false,
          "italic": false,
          "name": "txtRisk",
          "smoothed": true,
          "tags": "",
          "type": "TextObject::Text",
          "underlined": false,
          "variables": [],
          "behaviors": [],
          "string": "risk",
          "font": "",
          "characterSize": 20,
          "color": {
            "b": 11,
            "g": 11,
            "r": 247
          }
        },
        {
          "bold": false,
          "italic": false,
          "name": "run",
          "smoothed": true,
          "tags": "",
          "type": "TextObject::Text",
          "underlined": false,
          "variables": [],
          "behaviors": [],
          "string": "\n   run   \n\n",
          "font": "",
          "characterSize": 30,
          "color": {
            "b": 0,
            "g": 0,
            "r": 0
          }
        },
        {
          "name": "partners",
          "tags": "",
          "type": "Sprite",
          "updateIfNotVisible": false,
          "variables": [],
          "behaviors": [],
          "animations": [
            {
              "name": "",
              "useMultipleDirections": false,
              "directions": [
                {
                  "looping": false,
                  "timeBetweenFrames": 0.08,
                  "sprites": [
                    {
                      "hasCustomCollisionMask": false,
                      "image": "partner.png",
                      "points": [],
                      "originPoint": {
                        "name": "origine",
                        "x": 0,
                        "y": 0
                      },
                      "centerPoint": {
                        "automatic": true,
                        "name": "centre",
                        "x": 0,
                        "y": 0
                      },
                      "customCollisionMask": []
                    }
                  ]
                }
              ]
            }
          ]
        },
        {
          "bold": false,
          "italic": false,
          "name": "txtPartners",
          "smoothed": true,
          "tags": "",
          "type": "TextObject::Text",
          "underlined": false,
          "variables": [],
          "behaviors": [],
          "string": "partners",
          "font": "",
          "characterSize": 20,
          "color": {
            "b": 228,
            "g": 6,
            "r": 194
          }
        },
        {
          "bold": false,
          "italic": false,
          "name": "txtPrev",
          "smoothed": true,
          "tags": "",
          "type": "TextObject::Text",
          "underlined": false,
          "variables": [],
          "behaviors": [],
          "string": "prevalence",
          "font": "",
          "characterSize": 20,
          "color": {
            "b": 15,
            "g": 15,
            "r": 248
          }
        },
        {
          "name": "NewObject",
          "tags": "",
          "type": "PrimitiveDrawing::Drawer",
          "variables": [],
          "behaviors": [],
          "fillOpacity": 255,
          "outlineSize": 1,
          "outlineOpacity": 255,
          "fillColor": {
            "b": 255,
            "g": 255,
            "r": 255
          },
          "outlineColor": {
            "b": 0,
            "g": 0,
            "r": 0
          },
          "absoluteCoordinates": false,
          "clearBetweenFrames": true
        },
        {
          "name": "chip",
          "tags": "",
          "type": "Sprite",
          "updateIfNotVisible": false,
          "variables": [
            {
              "name": "hit",
              "value": "0"
            }
          ],
          "behaviors": [
            {
              "name": "Flash",
              "type": "Flash::Flash",
              "HalfPeriodTime": 0.1,
              "IsFlashing": false,
              "FlashDuration": 0
            }
          ],
          "animations": [
            {
              "name": "",
              "useMultipleDirections": false,
              "directions": [
                {
                  "looping": false,
                  "timeBetweenFrames": 0.08,
                  "sprites": [
                    {
                      "hasCustomCollisionMask": false,
                      "image": "Picture1.png",
                      "points": [],
                      "originPoint": {
                        "name": "origine",
                        "x": 0,
                        "y": 0
                      },
                      "centerPoint": {
                        "automatic": true,
                        "name": "centre",
                        "x": 0,
                        "y": 0
                      },
                      "customCollisionMask": []
                    }
                  ]
                }
              ]
            },
            {
              "name": "",
              "useMultipleDirections": false,
              "directions": [
                {
                  "looping": false,
                  "timeBetweenFrames": 0.08,
                  "sprites": [
                    {
                      "hasCustomCollisionMask": false,
                      "image": "Picture2.png",
                      "points": [],
                      "originPoint": {
                        "name": "origine",
                        "x": 0,
                        "y": 0
                      },
                      "centerPoint": {
                        "automatic": true,
                        "name": "centre",
                        "x": 0,
                        "y": 0
                      },
                      "customCollisionMask": []
                    }
                  ]
                }
              ]
            },
            {
              "name": "",
              "useMultipleDirections": false,
              "directions": [
                {
                  "looping": false,
                  "timeBetweenFrames": 0.08,
                  "sprites": [
                    {
                      "hasCustomCollisionMask": false,
                      "image": "chip12.png",
                      "points": [],
                      "originPoint": {
                        "name": "origine",
                        "x": 0,
                        "y": 0
                      },
                      "centerPoint": {
                        "automatic": true,
                        "name": "centre",
                        "x": 0,
                        "y": 0
                      },
                      "customCollisionMask": []
                    }
                  ]
                }
              ]
            }
          ]
        },
        {
          "name": "bg",
          "tags": "",
          "type": "Sprite",
          "updateIfNotVisible": false,
          "variables": [],
          "behaviors": [],
          "animations": [
            {
              "name": "",
              "useMultipleDirections": false,
              "directions": [
                {
                  "looping": false,
                  "timeBetweenFrames": 0.08,
                  "sprites": [
                    {
                      "hasCustomCollisionMask": false,
                      "image": "expframe.png",
                      "points": [],
                      "originPoint": {
                        "name": "origine",
                        "x": 0,
                        "y": 0
                      },
                      "centerPoint": {
                        "automatic": true,
                        "name": "centre",
                        "x": 0,
                        "y": 0
                      },
                      "customCollisionMask": []
                    }
                  ]
                }
              ]
            }
          ]
        }
      ],
      "events": [
        {
          "disabled": false,
          "folded": false,
          "type": "BuiltinCommonInstructions::Standard",
          "conditions": [
            {
              "type": {
                "inverted": false,
                "value": "DepartScene"
              },
              "parameters": [
                ""
              ],
              "subInstructions": []
            }
          ],
          "actions": [
            {
              "type": {
                "inverted": false,
                "value": "ModVarScene"
              },
              "parameters": [
                "risk",
                "=",
                ".05"
              ],
              "subInstructions": []
            },
            {
              "type": {
                "inverted": false,
                "value": "ModVarScene"
              },
              "parameters": [
                "partners",
                "=",
                "1"
              ],
              "subInstructions": []
            },
            {
              "type": {
                "inverted": false,
                "value": "ModVarScene"
              },
              "parameters": [
                "prevalence",
                "=",
                ".02"
              ],
              "subInstructions": []
            }
          ],
          "events": []
        },
        {
          "disabled": false,
          "folded": false,
          "type": "BuiltinCommonInstructions::Standard",
          "conditions": [
            {
              "type": {
                "inverted": false,
                "value": "SourisBouton"
              },
              "parameters": [
                "",
                "Left"
              ],
              "subInstructions": []
            },
            {
              "type": {
                "inverted": false,
                "value": "SourisSurObjet"
              },
              "parameters": [
                "run",
                "",
                "",
                ""
              ],
              "subInstructions": []
            },
            {
              "type": {
                "inverted": false,
                "value": "BuiltinCommonInstructions::Once"
              },
              "parameters": [],
              "subInstructions": []
            }
          ],
          "actions": [
            {
              "type": {
                "inverted": false,
                "value": "ModVarScene"
              },
              "parameters": [
                "prevalence",
                "=",
                "(Random(10)+1)/100"
              ],
              "subInstructions": []
            },
            {
              "type": {
                "inverted": false,
                "value": "ModVarScene"
              },
              "parameters": [
                "partners",
                "=",
                "Random(10)+1"
              ],
              "subInstructions": []
            }
          ],
          "events": [
            {
              "disabled": false,
              "folded": false,
              "type": "BuiltinCommonInstructions::JsCode",
              "inlineCode": "/**\nCalcuate Risk\n\ne.g.\nThe probability that a person has HIV infection is hiv_risk (.07) \nIf one has sexual contact with 5 partners \nwhat is the probability that none has HIV infection?\n\nSolution: To solve this problem, we compute 3 individual probabilities, using the binomial formula. The sum of all these probabilities is the answer we seek. Thus,\nb(x = 0; 5, 0.3) = b(x = 0; 5, 0.07)  \n\nx ( hits ) = 0\nn ( times/picks ) = 5\nP ( probablity/risk ) = .07\n\n\nGiven x, n, and P, we can compute the binomial probability based on the binomial formula:\nBinomial Formula. \nSuppose a binomial experiment consists of n trials and results in x successes. If the probability of success on an individual trial is P, then the binomial probability is:\nb(x; n, P) = nCx * Px * (1 - P)n - x\nb(x; n, P) = { n! / [ x! (n - x)! ] } * Px * (1 - P)n - x\n**/\nfunction binomialProb( x, n, P ){\n\n/**\nuse funcions from \nview-source:https://www.math.ucla.edu/~tom/distributions/binomial.html?\n**/\n\treturn computeBProb( x, n, P )\n \n\n}\n\n\n\nfunction LogGamma(Z) {\n\t \n\t\tvar S=1+76.18009173/Z-86.50532033/(Z+1)+24.01409822/(Z+2)-1.231739516/(Z+3)+.00120858003/(Z+4)-.00000536382/(Z+5);\n\t\tvar LG= (Z-.5)*Math.log(Z+4.5)-(Z+4.5)+Math.log(S*2.50662827465);\n\t \n\treturn LG\n}\n\nfunction Betinc(X,A,B) {\n\tvar A0=0;\n\tvar B0=1;\n\tvar A1=1;\n\tvar B1=1;\n\tvar M9=0;\n\tvar A2=0;\n\tvar C9;\n\twhile (Math.abs((A1-A2)/A1)>.00001) {\n\t\tA2=A1;\n\t\tC9=-(A+M9)*(A+B+M9)*X/(A+2*M9)/(A+2*M9+1);\n\t\tA0=A1+C9*A0;\n\t\tB0=B1+C9*B0;\n\t\tM9=M9+1;\n\t\tC9=M9*(B-M9)*X/(A+2*M9-1)/(A+2*M9);\n\t\tA1=A0+C9*A1;\n\t\tB1=B0+C9*B1;\n\t\tA0=A0/B1;\n\t\tB0=B0/B1;\n\t\tA1=A1/B1;\n\t\tB1=1;\n\t}\n\treturn A1/A\n}\n\nfunction computeBProb(x,n,P) {\n    var X=eval(x)\n    var N=eval(n)\n    var P=eval(P)\n    var bincdf, Betacdf;\n\t\tif (N<=0) {\n\t\t\tconsole.log(\"sample size must be positive\")\n\t\t} else if ((P<0)||(P>1)) {\n\t\t\tconsole.log(\"probability must be between 0 and 1\")\n\t\t} else if (X<0) {\n\t\t\tbincdf=0\n\t\t} else if (X>=N) {\n\t\t\tbincdf=1\n\t\t} else {\n\t\t\tX=Math.floor(X);\n\t\t\tvar Z=P;\n\t\t\tvar A=X+1;\n\t\t\tvar B=N-X;\n\t\t\tvar S=A+B;\n\t\t\tvar BT=Math.exp(LogGamma(S)-LogGamma(B)-LogGamma(A)+A*Math.log(Z)+B*Math.log(1-Z));\n\t\t\tif (Z<(A+1)/(S+2)) {\n\t\t\t\tBetacdf=BT*Betinc(Z,A,B)\n\t\t\t} else {\n\t\t\t\tBetacdf=1-BT*Betinc(1-Z,B,A)\n\t\t\t}\n\t\t\tbincdf=1-Betacdf;\n\t\t}\n\t\tbincdf=Math.round(bincdf*100000)/100000;\n \n    return bincdf;\n}\n\n\nvar prob =  binomialProb( 0, 5, .07 );\nvar prv = runtimeScene.getVariables().get(\"prevalence\").getAsNumber();\nvar partners = runtimeScene.getVariables().get(\"partners\").getAsNumber();\n \n \n var exprisk = 1-binomialProb( 0, partners, prv )\nruntimeScene.getVariables().get(\"risk\").setNumber(Math.round(exprisk*1000)/1000);\nconsole.log(exprisk)",
              "parameterObjects": "risk",
              "useStrict": true
            },
            {
              "disabled": false,
              "folded": false,
              "type": "BuiltinCommonInstructions::Standard",
              "conditions": [],
              "actions": [
                {
                  "type": {
                    "inverted": false,
                    "value": "Delete"
                  },
                  "parameters": [
                    "partners",
                    ""
                  ],
                  "subInstructions": []
                },
                {
                  "type": {
                    "inverted": false,
                    "value": "ModVarScene"
                  },
                  "parameters": [
                    "cnt",
                    "=",
                    "0"
                  ],
                  "subInstructions": []
                }
              ],
              "events": []
            },
            {
              "disabled": false,
              "folded": false,
              "type": "BuiltinCommonInstructions::Repeat",
              "repeatExpression": "Variable(partners)",
              "conditions": [],
              "actions": [
                {
                  "type": {
                    "inverted": false,
                    "value": "Create"
                  },
                  "parameters": [
                    "",
                    "partners",
                    "10+mod(Variable(cnt), 10)*20",
                    "76",
                    ""
                  ],
                  "subInstructions": []
                },
                {
                  "type": {
                    "inverted": false,
                    "value": "ChangeWidth"
                  },
                  "parameters": [
                    "partners",
                    "=",
                    "20"
                  ],
                  "subInstructions": []
                },
                {
                  "type": {
                    "inverted": false,
                    "value": "ChangeHeight"
                  },
                  "parameters": [
                    "partners",
                    "=",
                    "20"
                  ],
                  "subInstructions": []
                },
                {
                  "type": {
                    "inverted": false,
                    "value": "ModVarScene"
                  },
                  "parameters": [
                    "cnt",
                    "+",
                    "1"
                  ],
                  "subInstructions": []
                }
              ],
              "events": []
            },
            {
              "disabled": false,
              "folded": false,
              "type": "BuiltinCommonInstructions::Repeat",
              "repeatExpression": "100",
              "conditions": [],
              "actions": [
                {
                  "type": {
                    "inverted": false,
                    "value": "Create"
                  },
                  "parameters": [
                    "",
                    "chip",
                    "200+mod(Variable(cnt), 10)*45",
                    "100+mod(floor(Variable(cnt)/10), 10)*45",
                    ""
                  ],
                  "subInstructions": []
                },
                {
                  "type": {
                    "inverted": false,
                    "value": "ModVarScene"
                  },
                  "parameters": [
                    "cnt",
                    "+",
                    "1"
                  ],
                  "subInstructions": []
                },
                {
                  "type": {
                    "inverted": false,
                    "value": "ChangeWidth"
                  },
                  "parameters": [
                    "chip",
                    "=",
                    "25"
                  ],
                  "subInstructions": []
                },
                {
                  "type": {
                    "inverted": false,
                    "value": "ChangeHeight"
                  },
                  "parameters": [
                    "chip",
                    "=",
                    "25"
                  ],
                  "subInstructions": []
                }
              ],
              "events": [
                {
                  "disabled": false,
                  "folded": false,
                  "type": "BuiltinCommonInstructions::Standard",
                  "conditions": [
                    {
                      "type": {
                        "inverted": false,
                        "value": "Egal"
                      },
                      "parameters": [
                        "Variable(risk)*100",
                        ">",
                        "Random(100)"
                      ],
                      "subInstructions": []
                    }
                  ],
                  "actions": [
                    {
                      "type": {
                        "inverted": false,
                        "value": "ModVarObjet"
                      },
                      "parameters": [
                        "chip",
                        "hit",
                        "=",
                        "1"
                      ],
                      "subInstructions": []
                    }
                  ],
                  "events": []
                }
              ]
            },
            {
              "disabled": false,
              "folded": false,
              "type": "BuiltinCommonInstructions::Standard",
              "conditions": [],
              "actions": [
                {
                  "type": {
                    "inverted": false,
                    "value": "ModVarScene"
                  },
                  "parameters": [
                    "rollState",
                    "=",
                    "1"
                  ],
                  "subInstructions": []
                },
                {
                  "type": {
                    "inverted": false,
                    "value": "ChangeAnimation"
                  },
                  "parameters": [
                    "chip",
                    "=",
                    "2"
                  ],
                  "subInstructions": []
                }
              ],
              "events": []
            }
          ]
        },
        {
          "disabled": false,
          "folded": false,
          "type": "BuiltinCommonInstructions::Standard",
          "conditions": [
            {
              "type": {
                "inverted": false,
                "value": "Toujours"
              },
              "parameters": [
                ""
              ],
              "subInstructions": []
            }
          ],
          "actions": [
            {
              "type": {
                "inverted": false,
                "value": "TextObject::String"
              },
              "parameters": [
                "txtRisk",
                "=",
                "ToString( round(Variable(risk)*100))+\"%\""
              ],
              "subInstructions": []
            },
            {
              "type": {
                "inverted": false,
                "value": "TextObject::String"
              },
              "parameters": [
                "txtPartners",
                "=",
                "VariableString(partners)"
              ],
              "subInstructions": []
            },
            {
              "type": {
                "inverted": false,
                "value": "TextObject::String"
              },
              "parameters": [
                "txtPrev",
                "=",
                "ToString( Variable(prevalence)*100)+\"%\""
              ],
              "subInstructions": []
            }
          ],
          "events": []
        },
        {
          "disabled": false,
          "folded": false,
          "type": "BuiltinCommonInstructions::Standard",
          "conditions": [
            {
              "type": {
                "inverted": false,
                "value": "VarScene"
              },
              "parameters": [
                "rollState",
                "=",
                "1"
              ],
              "subInstructions": []
            }
          ],
          "actions": [],
          "events": []
        },
        {
          "disabled": false,
          "folded": false,
          "type": "BuiltinCommonInstructions::Standard",
          "conditions": [
            {
              "type": {
                "inverted": false,
                "value": "VarScene"
              },
              "parameters": [
                "rollState",
                "=",
                "2"
              ],
              "subInstructions": []
            }
          ],
          "actions": [
            {
              "type": {
                "inverted": false,
                "value": "ChangeAnimation"
              },
              "parameters": [
                "chip",
                "=",
                "chip.Variable(hit)"
              ],
              "subInstructions": []
            },
            {
              "type": {
                "inverted": false,
                "value": "Flash::Flash::Flash"
              },
              "parameters": [
                "chip",
                "Flash",
                "3",
                ""
              ],
              "subInstructions": []
            }
          ],
          "events": []
        },
        {
          "disabled": false,
          "folded": false,
          "type": "BuiltinCommonInstructions::Standard",
          "conditions": [
            {
              "type": {
                "inverted": false,
                "value": "SourisBouton"
              },
              "parameters": [
                "",
                "Left"
              ],
              "subInstructions": []
            },
            {
              "type": {
                "inverted": false,
                "value": "SourisSurObjet"
              },
              "parameters": [
                "chip",
                "",
                "",
                ""
              ],
              "subInstructions": []
            }
          ],
          "actions": [],
          "events": []
        }
      ],
      "layers": [
        {
          "name": "",
          "visibility": true,
          "cameras": [
            {
              "defaultSize": true,
              "defaultViewport": true,
              "height": 0,
              "viewportBottom": 1,
              "viewportLeft": 0,
              "viewportRight": 1,
              "viewportTop": 0,
              "width": 0
            }
          ],
          "effects": []
        }
      ],
      "behaviorsSharedData": [
        {
          "name": "Flash",
          "type": "Flash::Flash"
        }
      ]
    },
    {
      "b": 209,
      "disableInputWhenNotFocused": true,
      "mangledName": "New_32scene",
      "name": "New scene",
      "oglFOV": 90,
      "oglZFar": 500,
      "oglZNear": 1,
      "r": 209,
      "standardSortMethod": true,
      "stopSoundsOnStartup": true,
      "title": "",
      "v": 209,
      "uiSettings": {
        "grid": false,
        "gridB": 255,
        "gridG": 180,
        "gridHeight": 32,
        "gridOffsetX": 0,
        "gridOffsetY": 0,
        "gridR": 158,
        "gridWidth": 32,
        "snap": true,
        "windowMask": false,
        "zoomFactor": 1
      },
      "objectsGroups": [],
      "variables": [],
      "instances": [],
      "objects": [],
      "events": [],
      "layers": [
        {
          "name": "",
          "visibility": true,
          "cameras": [
            {
              "defaultSize": true,
              "defaultViewport": true,
              "height": 0,
              "viewportBottom": 1,
              "viewportLeft": 0,
              "viewportRight": 1,
              "viewportTop": 0,
              "width": 0
            }
          ],
          "effects": []
        }
      ],
      "behaviorsSharedData": []
    }
  ],
  "externalEvents": [],
  "eventsFunctionsExtensions": [
    {
      "author": "@4ian",
      "description": "Make the object flash (blink) for a period of time, so that it is alternately visible and invisible.\nAfter adding this to an object, you have to **trigger the effect** by using the **Flash action**.",
      "extensionNamespace": "",
      "fullName": "Flash (blink)",
      "name": "Flash",
      "shortDescription": "Make the object flash (blink) for a period of time, so that it is alternately visible and invisible.\nTrigger the effect by using the Flash action.",
      "tags": "flash, blink, visible, invisible, hit, damage",
      "version": "1.0.0",
      "eventsFunctions": [],
      "eventsBasedBehaviors": [
        {
          "description": "Make the object flash (blink) for a period of time, so that it is alternately visible and invisible.\nTrigger the effect by using the Flash action.",
          "fullName": "Flash (blink)",
          "name": "Flash",
          "objectType": "",
          "eventsFunctions": [
            {
              "description": "",
              "fullName": "",
              "functionType": "Action",
              "name": "doStepPreEvents",
              "sentence": "",
              "events": [
                {
                  "disabled": false,
                  "folded": false,
                  "type": "BuiltinCommonInstructions::Standard",
                  "conditions": [
                    {
                      "type": {
                        "inverted": false,
                        "value": "Flash::Flash::PropertyIsFlashing"
                      },
                      "parameters": [
                        "Object",
                        "Behavior"
                      ],
                      "subInstructions": []
                    }
                  ],
                  "actions": [],
                  "events": [
                    {
                      "disabled": false,
                      "folded": false,
                      "type": "BuiltinCommonInstructions::Standard",
                      "conditions": [
                        {
                          "type": {
                            "inverted": false,
                            "value": "ObjectTimer"
                          },
                          "parameters": [
                            "Object",
                            "\"FlashTimer\"",
                            "Object.Behavior::PropertyHalfPeriodTime()"
                          ],
                          "subInstructions": []
                        },
                        {
                          "type": {
                            "inverted": false,
                            "value": "Visible"
                          },
                          "parameters": [
                            "Object"
                          ],
                          "subInstructions": []
                        }
                      ],
                      "actions": [
                        {
                          "type": {
                            "inverted": false,
                            "value": "Cache"
                          },
                          "parameters": [
                            "Object"
                          ],
                          "subInstructions": []
                        },
                        {
                          "type": {
                            "inverted": false,
                            "value": "ResetObjectTimer"
                          },
                          "parameters": [
                            "Object",
                            "\"FlashTimer\""
                          ],
                          "subInstructions": []
                        }
                      ],
                      "events": []
                    },
                    {
                      "disabled": false,
                      "folded": false,
                      "type": "BuiltinCommonInstructions::Standard",
                      "conditions": [
                        {
                          "type": {
                            "inverted": false,
                            "value": "ObjectTimer"
                          },
                          "parameters": [
                            "Object",
                            "\"FlashTimer\"",
                            "Object.Behavior::PropertyHalfPeriodTime()"
                          ],
                          "subInstructions": []
                        },
                        {
                          "type": {
                            "inverted": true,
                            "value": "Visible"
                          },
                          "parameters": [
                            "Object"
                          ],
                          "subInstructions": []
                        }
                      ],
                      "actions": [
                        {
                          "type": {
                            "inverted": false,
                            "value": "Montre"
                          },
                          "parameters": [
                            "Object",
                            ""
                          ],
                          "subInstructions": []
                        },
                        {
                          "type": {
                            "inverted": false,
                            "value": "ResetObjectTimer"
                          },
                          "parameters": [
                            "Object",
                            "\"FlashTimer\""
                          ],
                          "subInstructions": []
                        }
                      ],
                      "events": []
                    },
                    {
                      "disabled": false,
                      "folded": false,
                      "type": "BuiltinCommonInstructions::Standard",
                      "conditions": [
                        {
                          "type": {
                            "inverted": false,
                            "value": "ObjectTimer"
                          },
                          "parameters": [
                            "Object",
                            "\"FlashDurationTimer\"",
                            "Object.Behavior::PropertyFlashDuration()"
                          ],
                          "subInstructions": []
                        }
                      ],
                      "actions": [
                        {
                          "type": {
                            "inverted": false,
                            "value": "Flash::Flash::Stop"
                          },
                          "parameters": [
                            "Object",
                            "Behavior",
                            ""
                          ],
                          "subInstructions": []
                        }
                      ],
                      "events": []
                    }
                  ]
                }
              ],
              "parameters": [
                {
                  "codeOnly": false,
                  "defaultValue": "",
                  "description": "Object",
                  "longDescription": "",
                  "name": "Object",
                  "optional": false,
                  "supplementaryInformation": "",
                  "type": "object"
                },
                {
                  "codeOnly": false,
                  "defaultValue": "",
                  "description": "Behavior",
                  "longDescription": "",
                  "name": "Behavior",
                  "optional": false,
                  "supplementaryInformation": "Flash::Flash",
                  "type": "behavior"
                }
              ],
              "objectGroups": []
            },
            {
              "description": "Make the specified object(s) blink for the given duration.",
              "fullName": "Flash (blink)",
              "functionType": "Action",
              "name": "Flash",
              "sentence": "Make _PARAM0_ blink for _PARAM2_ seconds",
              "events": [
                {
                  "disabled": false,
                  "folded": false,
                  "type": "BuiltinCommonInstructions::Standard",
                  "conditions": [
                    {
                      "type": {
                        "inverted": false,
                        "value": "Egal"
                      },
                      "parameters": [
                        "GetArgumentAsNumber(\"FlashDuration\")",
                        ">",
                        "0"
                      ],
                      "subInstructions": []
                    }
                  ],
                  "actions": [
                    {
                      "type": {
                        "inverted": false,
                        "value": "ResetObjectTimer"
                      },
                      "parameters": [
                        "Object",
                        "\"FlashDurationTimer\""
                      ],
                      "subInstructions": []
                    },
                    {
                      "type": {
                        "inverted": false,
                        "value": "Flash::Flash::SetPropertyFlashDuration"
                      },
                      "parameters": [
                        "Object",
                        "Behavior",
                        "=",
                        "GetArgumentAsNumber(\"FlashDuration\")"
                      ],
                      "subInstructions": []
                    },
                    {
                      "type": {
                        "inverted": false,
                        "value": "Flash::Flash::SetPropertyIsFlashing"
                      },
                      "parameters": [
                        "Object",
                        "Behavior",
                        "yes"
                      ],
                      "subInstructions": []
                    }
                  ],
                  "events": []
                }
              ],
              "parameters": [
                {
                  "codeOnly": false,
                  "defaultValue": "",
                  "description": "Object",
                  "longDescription": "",
                  "name": "Object",
                  "optional": false,
                  "supplementaryInformation": "",
                  "type": "object"
                },
                {
                  "codeOnly": false,
                  "defaultValue": "",
                  "description": "Behavior",
                  "longDescription": "",
                  "name": "Behavior",
                  "optional": false,
                  "supplementaryInformation": "Flash::Flash",
                  "type": "behavior"
                },
                {
                  "codeOnly": false,
                  "defaultValue": "",
                  "description": "Duration of the blinking, in seconds",
                  "longDescription": "",
                  "name": "FlashDuration",
                  "optional": false,
                  "supplementaryInformation": "",
                  "type": "expression"
                }
              ],
              "objectGroups": []
            },
            {
              "description": "Check if the specified objects are flashing.",
              "fullName": "Is object flashing",
              "functionType": "Condition",
              "name": "IsFlashing",
              "sentence": "_PARAM0_ is flashing",
              "events": [
                {
                  "disabled": false,
                  "folded": false,
                  "type": "BuiltinCommonInstructions::Standard",
                  "conditions": [],
                  "actions": [
                    {
                      "type": {
                        "inverted": false,
                        "value": "SetReturnBoolean"
                      },
                      "parameters": [
                        "False"
                      ],
                      "subInstructions": []
                    }
                  ],
                  "events": []
                },
                {
                  "disabled": false,
                  "folded": false,
                  "type": "BuiltinCommonInstructions::Standard",
                  "conditions": [
                    {
                      "type": {
                        "inverted": false,
                        "value": "Flash::Flash::PropertyIsFlashing"
                      },
                      "parameters": [
                        "Object",
                        "Behavior"
                      ],
                      "subInstructions": []
                    }
                  ],
                  "actions": [
                    {
                      "type": {
                        "inverted": false,
                        "value": "SetReturnBoolean"
                      },
                      "parameters": [
                        "True"
                      ],
                      "subInstructions": []
                    }
                  ],
                  "events": []
                }
              ],
              "parameters": [
                {
                  "codeOnly": false,
                  "defaultValue": "",
                  "description": "Object",
                  "longDescription": "",
                  "name": "Object",
                  "optional": false,
                  "supplementaryInformation": "",
                  "type": "object"
                },
                {
                  "codeOnly": false,
                  "defaultValue": "",
                  "description": "Behavior",
                  "longDescription": "",
                  "name": "Behavior",
                  "optional": false,
                  "supplementaryInformation": "Flash::Flash",
                  "type": "behavior"
                }
              ],
              "objectGroups": []
            },
            {
              "description": "",
              "fullName": "",
              "functionType": "Action",
              "name": "onOwnerRemovedFromScene",
              "sentence": "",
              "events": [
                {
                  "disabled": false,
                  "folded": false,
                  "type": "BuiltinCommonInstructions::Standard",
                  "conditions": [],
                  "actions": [
                    {
                      "type": {
                        "inverted": false,
                        "value": "Flash::Flash::Stop"
                      },
                      "parameters": [
                        "Object",
                        "Behavior",
                        ""
                      ],
                      "subInstructions": []
                    }
                  ],
                  "events": []
                }
              ],
              "parameters": [
                {
                  "codeOnly": false,
                  "defaultValue": "",
                  "description": "Object",
                  "longDescription": "",
                  "name": "Object",
                  "optional": false,
                  "supplementaryInformation": "",
                  "type": "object"
                },
                {
                  "codeOnly": false,
                  "defaultValue": "",
                  "description": "Behavior",
                  "longDescription": "",
                  "name": "Behavior",
                  "optional": false,
                  "supplementaryInformation": "Flash::Flash",
                  "type": "behavior"
                }
              ],
              "objectGroups": []
            },
            {
              "description": "",
              "fullName": "",
              "functionType": "Action",
              "name": "onDeActivate",
              "sentence": "",
              "events": [
                {
                  "disabled": false,
                  "folded": false,
                  "type": "BuiltinCommonInstructions::Standard",
                  "conditions": [],
                  "actions": [
                    {
                      "type": {
                        "inverted": false,
                        "value": "Flash::Flash::Stop"
                      },
                      "parameters": [
                        "Object",
                        "Behavior",
                        ""
                      ],
                      "subInstructions": []
                    }
                  ],
                  "events": []
                }
              ],
              "parameters": [
                {
                  "codeOnly": false,
                  "defaultValue": "",
                  "description": "Object",
                  "longDescription": "",
                  "name": "Object",
                  "optional": false,
                  "supplementaryInformation": "",
                  "type": "object"
                },
                {
                  "codeOnly": false,
                  "defaultValue": "",
                  "description": "Behavior",
                  "longDescription": "",
                  "name": "Behavior",
                  "optional": false,
                  "supplementaryInformation": "Flash::Flash",
                  "type": "behavior"
                }
              ],
              "objectGroups": []
            },
            {
              "description": "Stop the flashing of the specified object",
              "fullName": "Stop flashing",
              "functionType": "Action",
              "name": "Stop",
              "sentence": "Stop flashing _PARAM0_",
              "events": [
                {
                  "disabled": false,
                  "folded": false,
                  "type": "BuiltinCommonInstructions::Standard",
                  "conditions": [
                    {
                      "type": {
                        "inverted": false,
                        "value": "Flash::Flash::PropertyIsFlashing"
                      },
                      "parameters": [
                        "Object",
                        "Behavior"
                      ],
                      "subInstructions": []
                    }
                  ],
                  "actions": [
                    {
                      "type": {
                        "inverted": false,
                        "value": "Montre"
                      },
                      "parameters": [
                        "Object",
                        ""
                      ],
                      "subInstructions": []
                    },
                    {
                      "type": {
                        "inverted": false,
                        "value": "Flash::Flash::SetPropertyIsFlashing"
                      },
                      "parameters": [
                        "Object",
                        "Behavior",
                        "no"
                      ],
                      "subInstructions": []
                    }
                  ],
                  "events": []
                }
              ],
              "parameters": [
                {
                  "codeOnly": false,
                  "defaultValue": "",
                  "description": "Object",
                  "longDescription": "",
                  "name": "Object",
                  "optional": false,
                  "supplementaryInformation": "",
                  "type": "object"
                },
                {
                  "codeOnly": false,
                  "defaultValue": "",
                  "description": "Behavior",
                  "longDescription": "",
                  "name": "Behavior",
                  "optional": false,
                  "supplementaryInformation": "Flash::Flash",
                  "type": "behavior"
                }
              ],
              "objectGroups": []
            }
          ],
          "propertyDescriptors": [
            {
              "value": "0.1",
              "type": "Number",
              "label": "Half period (time during which object is invisible), in seconds",
              "description": "",
              "extraInformation": [],
              "hidden": false,
              "name": "HalfPeriodTime"
            },
            {
              "value": "",
              "type": "Boolean",
              "label": "",
              "description": "",
              "extraInformation": [],
              "hidden": true,
              "name": "IsFlashing"
            },
            {
              "value": "0",
              "type": "Number",
              "label": "",
              "description": "",
              "extraInformation": [],
              "hidden": true,
              "name": "FlashDuration"
            }
          ]
        }
      ]
    }
  ],
  "externalLayouts": [],
  "externalSourceFiles": []
}